date,id,url,content,user,user_displayname,reply_count,retweet_count,like_count,stance_label,stance_against,stance_favor,stance_neutral
2025-11-02T12:52:35.000Z,1984966871750410536,https://x.com/TsukasaTono/status/1984966871750410536,"二度と見たくもない松本人志の顔を見てしまって無理of無理。U-NEXT解約した
性犯罪にほとぼりが冷めるとかないから",TsukasaTono,TsukasaT,273.0,0.0,0.0,NEUTRAL,0.27715296,0.23022577,0.4926213
2025-11-01T15:56:10.000Z,1984650683275247908,https://x.com/Iwako_Ganseki/status/1984650683275247908,"私はもう松本人志では笑えないというか笑いたくないから見ないけど、世の中には好きな人の悪事に寛容な人ってのがいるのよね。だから未だ自民党みたいなのが政権握っているわけで。
でもさ、経験上、人の悪事に寛容な人って、自分にも甘いからね。
だからどんどん世の中が悪くなっていくわけだわよ。",Iwako_Ganseki,岩石岩子,885.0,0.0,0.0,NEUTRAL,0.24594653,0.2265662,0.5274873
2025-11-02T01:25:29.000Z,1984793958271287431,https://x.com/amakasu7/status/1984793958271287431,"わたしはU-NEXT使ってるけど、松本人志の番組宣伝を大々的にSNSで流すのは倫理観に欠けていて最悪だと思う。被害者のトリガーになるので絶対やめるべき。
あとアプリのトップから誘導してるけど、非表示設定が選べるようにして欲しいですね。早急に。",amakasu7,甘糟amakasu,2.0,11.0,105.0,NEUTRAL,0.28672495,0.28488025,0.42839476
2025-10-31T14:48:25.000Z,1984271245177991186,https://x.com/puunosuke11/status/1984271245177991186,性加害で嫌な思いをした女性がいるにも関わらず松本人志のコスプレが面白いと思うような倫理観なら、他の番組も全部辞めてくれると助かる。観たくないので,puunosuke11,ぷぅのすけ,670.0,0.0,0.0,NEUTRAL,0.24365625,0.25719044,0.49915326
2025-11-05T13:12:52.000Z,1986059137177063878,https://x.com/dogmapua666/status/1986059137177063878,君が「最強」言うてる松本人志も「女は一途な男を好きにならない」言うとるんだがw知能が低すぎて呆れるな,dogmapua666,恋愛のドグママッチングアプリ恋活婚活で幸福を掴ませる,2.0,3.0,34.0,AGAINST,0.39279917,0.21802087,0.38917997
2025-11-04T09:01:00.000Z,1985633365655957991,https://x.com/koremys_iwasa/status/1985633365655957991,"「ダウンタウンプラスは見ない」松本人志のどこが面白いのかやっぱり分からない堀江
→
youtu.be/Ky46elUDpXk

・アルピニスト野口は浅い
・ダウンタウン松本は面白くない
・高市首相はぶっちゃけ〇〇
・日本国民は何もわかっていない

今回も堀江さんが言いたい放題ですwww",koremys_iwasa,岩佐くん,53.0,21.0,139.0,NEUTRAL,0.22290735,0.22028317,0.5568095
2025-11-07T03:27:30.000Z,1986636603029381548,https://x.com/hide_Q_/status/1986636603029381548,"松本人志さん。あなたのおっしゃる通りです。
干された理由は本当の事言っちゃったからなのか！？どんだけオールドメディアは闇深いんや！？",hide_Q_,ひで2022真実を追求,43.0,949.0,0.0,NEUTRAL,0.28404,0.2802514,0.43570864
2025-11-10T22:41:03.000Z,1988014064841507009,https://x.com/sidafilicop/status/1988014064841507009,バックラッシャーの松本人志好きな新キャラクセが強すぎる,sidafilicop,BIG LOVE,0.0,6.0,22.0,AGAINST,0.3962402,0.25165313,0.35210663
2025-11-03T01:15:50.000Z,1985153916917653935,https://x.com/e5j9lhorcniT4GX/status/1985153916917653935,"松本人志さんはこうだけどジャニーズは別っていう界隈の人にブロックされました
#被害受けてるな被害届だせよ",e5j9lhorcniT4GX,すずっこ,5.0,23.0,130.0,AGAINST,0.39038956,0.23931682,0.37029368
2025-11-01T15:39:05.000Z,1984646383706783814,https://x.com/ZanEngineer/status/1984646383706783814,松本人志、口が大きく「へ」の字になってしまっている。これは、笑顔が少ない人に見られる傾向で、頬の筋肉が落ちてしまうために、口がへの字になってしまう。お笑い番組に出なくなり、人とも会いづらくなり、笑う機会が減ってしまっていたんだろうな。,ZanEngineer,お侍さん,121.0,178.0,0.0,NEUTRAL,0.24412788,0.24362099,0.51225114
2025-11-01T04:30:14.000Z,1984478060243288529,https://x.com/meruken_suck/status/1984478060243288529,まず”松本人志のコスプレをする”ってのが面白いことなのか純粋に気になる。,meruken_suck,めるだん,80.0,334.0,0.0,NEUTRAL,0.22976433,0.30671844,0.46351725
2025-11-03T04:40:11.000Z,1985205339835498501,https://x.com/kudamonokudao/status/1985205339835498501,"「松本人志は犯罪者」
『松本人志はグレーです。黒に確定していない人を犯罪者扱いするのは良くないですよ』

「松本人志つまらない」
『あなたは別にそれでいいけど面白いと思っているこちらに言われても『で？』にしかなりません。自分が嫌いだからって他人の好きにケチつけるのみっともないですよ』",kudamonokudao,くだもの選手権,22.0,34.0,445.0,NEUTRAL,0.2995694,0.20985642,0.4905742
2025-11-02T06:55:43.000Z,1984877063749451891,https://x.com/snzk_momo/status/1984877063749451891,ほんとすいません、高市早苗と私だけフォローされてるのはさすがに照れる。前は松本人志と私だけフォローしてるアカウントもいたし、本当に怖いです。,snzk_momo,テンパイももんがちゃん,6.0,0.0,136.0,NEUTRAL,0.2086845,0.21352518,0.5777903
2025-11-01T15:40:36.000Z,1984646766613184918,https://x.com/ZanEngineer/status/1984646766613184918,いま見ると、中居正広が容疑者で、ワイプにダウンタウン松本人志がいるの、めちゃくちゃ面白い。,ZanEngineer,お侍さん,6.0,39.0,408.0,NEUTRAL,0.21360372,0.30792174,0.47847453
2025-10-31T14:43:38.000Z,1984270042318692538,https://x.com/isnoue1988/status/1984270042318692538,"報道通り松本人志のコスプレしたんだとしたらそれを面白いと思うセンスは淘汰されるべきだよ
性加害者のコスプレしてなにがおもしろいの？",isnoue1988,すまい,171.0,601.0,0.0,AGAINST,0.42020372,0.27191296,0.30788335
2025-11-04T03:24:10.000Z,1985548599313514889,https://x.com/kudamonokudao/status/1985548599313514889,"アンチ松本人志の人の絡み方が訳わからないので怖いです。
ブロックします",kudamonokudao,くだもの選手権,1.0,0.0,25.0,NEUTRAL,0.26923916,0.2776412,0.45311958
2025-11-02T21:07:23.000Z,1985091390288851452,https://x.com/AaSmoj/status/1985091390288851452,"不祥事を起こした芸人が自ら活動自粛したのと違って松本人志は事実を認めずその為の裁判をするので活動休止。
しかもその裁判を取り止めてる訳で。
つまり自分のしたことについての反省は無いんだよね。
コレじゃあ彼が何を言っても説得力は無いんだよね、非難されるのは当然。",AaSmoj,じゅんぺい50号,3.0,14.0,88.0,NEUTRAL,0.2716394,0.22531162,0.50304896
2025-11-01T22:13:57.000Z,1984745755169734893,https://x.com/cobta/status/1984745755169734893,"松本人志はいまも謝罪どころか被害者ぶる。「日本のお笑いがしんどいと聞きまして復活」自分用にクローズドな場を用意させたのに不当に干された人間の救済場所だと「人のため」にすりかえる。「めちゃめちゃ干されてます。布団だってそんな干されないですよ笑」干された連発。
x.com/para_bellum390
…",cobta,藤井セイラ,0.0,0.0,0.0,AGAINST,0.36538208,0.26963907,0.3649788
2025-11-05T22:33:28.000Z,1986200218791256412,https://x.com/JR57504998/status/1986200218791256412,"よくよく考えたら、100歩譲ってA子が公に出れないのは仕方無いとしよう。

でも、松本人志に説明を求めたい、真相が気になって仕方ない人達の誰1人、A子に取材しない(できない？)し、フェミ達のサポートも付かない。

ひょっとして、A子の存在自体が幻？",JR57504998,短足JR,2.0,3.0,58.0,NEUTRAL,0.31417593,0.22052853,0.46529555
2025-11-02T04:38:03.000Z,1984842417347154084,https://x.com/a36803041/status/1984842417347154084,"「アンミカさんにも感謝です。“白って200種類あんねん”って言ってた人に黒だとされたんですけどね」

今さら言うけど
これまさに松本人志だって思った
うまさと笑いがビシッと決まった

#ダウンタウンプラス",a36803041,a,4.0,28.0,0.0,NEUTRAL,0.20888716,0.20747365,0.58363914
2025-11-02T23:42:08.000Z,1985130334405689474,https://x.com/WXS74nkJ4IHZ7fI/status/1985130334405689474,"松本人志さん 復帰？
「日本のお笑い界はしんどい」はなくてのびのび活気に満ちているように思った",WXS74nkJ4IHZ7fI,まか,0.0,5.0,25.0,AGAINST,0.34127063,0.324261,0.33446833
2025-11-03T13:14:17.000Z,1985334717345128848,https://x.com/kudamonokudao/status/1985334717345128848,"「松本人志なんか見たくない！」

でも
「松本人志のことばかり考えちゃう！」
「Xで松本人志のこと言っている人に絡んじゃう！」
「松本なんかくだらないって言いたい！」
「松本松本松本について何か言わずにいられない！」",kudamonokudao,くだもの選手権,15.0,30.0,271.0,NEUTRAL,0.36556453,0.2543477,0.38008773
2025-11-01T22:54:45.000Z,1984756022238753069,https://x.com/cobta/status/1984756022238753069,浜田雅功の不在、ダウンタウン共演の新作予定はないと告知されていることからも、相方にすら本質的には謝れなかったのではないだろうか。松本人志の望み通りクローズドな復帰の場をつくり、被害者意識全開のインタビューを流す吉本興業のセンスのなさ。性暴力やセクハラの「加害者は被害者ぶる」典型。,cobta,藤井セイラ,109.0,226.0,0.0,NEUTRAL,0.28986612,0.26694915,0.44318473
2025-11-01T12:41:43.000Z,1984601746937905352,https://x.com/KazShimoya/status/1984601746937905352,「DOWNTOWN+」を見ているのだが、気になったのは松本人志さんの髪の生え際が黒いこと。復帰生放送に合わせて、美容院に行ってないということなので、始まる前からご本人の疲労度とプレッシャーは相当なものなのかもと邪推。,KazShimoya,下矢＠広報支援,14.0,21.0,147.0,NEUTRAL,0.23626669,0.19867477,0.5650586
2025-11-01T12:16:29.000Z,1984595397827055873,https://x.com/Rstudy/status/1984595397827055873,松本人志の復帰はFXXK。これは言い続ける。,Rstudy,R-study106,13.0,7.0,85.0,NEUTRAL,0.20675261,0.25504926,0.5381981
2025-11-02T09:35:55.000Z,1984917379592376674,https://x.com/bob_hoffman_jp/status/1984917379592376674,また松本人志が不意に目に入るしんどい生活が始まる。,bob_hoffman_jp,非国民おじさん,4.0,13.0,67.0,NEUTRAL,0.1880859,0.21248475,0.59942937
2025-11-02T16:43:02.000Z,1985024863241961891,https://x.com/oogesatarou/status/1985024863241961891,"松本人志ファンからのリプライの頭が悪すぎて驚く。
90年代のダウンタウンファンは比較的知的な存在だと感じていたが。

ちなみに自分はダウンタウンデビューの年に生まれて、
初めて買った本は松本人志の「遺書」。
初めて買ったCDはHジャングルwithTの「wow war tonight」。",oogesatarou,TOGO INOMATA,48.0,33.0,746.0,NEUTRAL,0.22871985,0.22661357,0.54466665
2025-11-06T07:33:31.000Z,1986336125645168863,https://x.com/aroearoe_/status/1986336125645168863,"ロッチ中岡さんが好きなものをポストしただけで誹謗中傷や口塞ごうとして業務妨害までしようとしてる悪質な人多すぎる
松本人志さんを性加害者扱いして名誉毀損、人権侵害してること気づいて

中岡さん何にも悪くないからね
今まで通り頑張って！応援してます
ダウンタウンと共演してくださいね",aroearoe_,アロエ,10.0,82.0,0.0,NEUTRAL,0.29699114,0.24539055,0.45761827
2025-11-10T14:58:20.000Z,1987897617557426528,https://x.com/cobta/status/1987897617557426528,松本人志の復帰について朝日新聞の社説。「どのような行為を詫びているのかが不明なコメントだった。初日の配信では（…）女性らへの謝罪はなかった。文春（への）松本氏の裁判（の）取り下げは疑惑の払拭を意味しない。（…）社会的影響力の大きな人物として、正面から説明することが強く求められる」,cobta,藤井セイラ,36.0,128.0,393.0,NEUTRAL,0.29740977,0.31092966,0.39166054
2025-11-02T19:17:40.000Z,1985063778179076537,https://x.com/KazShimoya/status/1985063778179076537,大悟さんも吉本も番組側も自覚ないと思うが、バラエティで出演者が自社の放送で公然と社長批判した、テレビ界初の（皮肉な言い方すれば）”偉業”。傍若無人な横山やすしさん、強面の島田紳助さん、BIG3、松本人志さんもやらなかったこと。フジテレビ経営陣は「なあなあ」で済ましてはダメな事案。,KazShimoya,下矢＠広報支援,6.0,61.0,312.0,NEUTRAL,0.2702621,0.23138763,0.49835023
2025-11-03T13:38:58.000Z,1985340930183061873,https://x.com/vespa_Palco/status/1985340930183061873,"2年ぶりに観た松本人志はやっぱりトークがバチバチにキレてるし、30分近く漫談やってたようなもんだけど、聞かせる所は聞かせるし落とす所は思いっきり落とすし、緩急自在が凄すぎて、これで浜ちゃん並んでダウンタウン揃ったらマジで誰も勝てねえなって。

#ダウンタウンプラス
#松本人志 #浜田雅功",vespa_Palco,Palcooo＋ がんばれ地球 がんばれ地球 僕は限界だ,3.0,39.0,956.0,NEUTRAL,0.33940306,0.30386826,0.35672867
2025-11-10T15:49:43.000Z,1987910551536832659,https://x.com/cobta/status/1987910551536832659,松本人志の『遺書』、これだけ売れてる本でレビューもものすごい数がついているから、星5つにも星1つにもたまにキラッと光る文章が隠れている。あまり指摘されてないけどおそらく1990年代の露悪ブームという背景もあるんですよね。「どれだけぶっちゃけられるか自慢」「ヤバいこという自慢」みたいな。,cobta,藤井セイラ,2.0,7.0,47.0,NEUTRAL,0.23550272,0.20881648,0.55568075
2025-11-01T18:17:38.000Z,1984686285131522263,https://x.com/demoiinjanai/status/1984686285131522263,二階堂キモい！何で入り込んでグループ下げるためにタッグまでつけるの？新ジャニーズってコンプライアンスについて学んでないの？レイプ天国かよ ,,,,,,NEUTRAL,0.3705596,0.25809655,0.37134385
2025-11-01T22:30:53.000Z,1984750015257199093,https://x.com/ran_nkys/status/1984750015257199093,"ニカちゃんが松本人志を好きなままでいるのは全然いい。でもお願いだからXで言わないで。X内でどんなふうに話題になってるかちゃんと見て。女性ファンがどう思うか考えて。
周りのスタッフも男性ばかりだろうから難しいのかな…。",ran_nkys,らららん,24.0,63.0,0.0,NEUTRAL,0.24747361,0.24628508,0.50624126
2025-11-02T08:06:39.000Z,1984894915147694183,https://x.com/HiCaRi___/status/1984894915147694183,"マジ？怖すぎる…。
吉本所属芸人くらいしか松本人志に関わることを擁護(？)できない…吉本でもベテランの域の人は断れるだろと思うけど。
推しが松本人志を肯定的に受け止めたらと想像したら悍ましいし、女性ファンで成り立ってる男性アイドルがそれをするのはとてもグロテスク。",HiCaRi___,＊°・×,2.0,26.0,449.0,NEUTRAL,0.27558413,0.27527595,0.44913992
2025-11-02T08:48:19.000Z,1984905397078270269,https://x.com/XDKJplCitHK9PCW/status/1984905397078270269,"なんか松ちゃんのファンの中には、相当数の“松本人志の作る笑いのファン”じゃなく、“松本人志個人の熱狂的信者”みたいなのがいるんだなと気付く。
週刊誌報道によって干された芸人の復活劇！と感動をしてるみたいだけど休業を決定したのは本人だし、女性を粗末に扱ってきた事実は本人の著書で判然。",XDKJplCitHK9PCW,松本ミゾレ本厄,1.0,2.0,29.0,NEUTRAL,0.22168498,0.22634043,0.5519746
2025-11-04T08:40:25.000Z,1985628187787948421,https://x.com/Oyakata0817/status/1985628187787948421,"松本さんの事が細かく書かれています。読み終えたあと、安堵と期待で涙がでました。素敵な文面にまとめて頂きありがとうございます
#ダウンタウンプラス

""松本人志の本音が漏れていた…後輩芸人から神と崇められる男が「ダウンタウンプラス」で放った""まさかの言葉""""",Oyakata0817,あきこ,2.0,24.0,512.0,NEUTRAL,0.21643184,0.25237966,0.5311885
2025-11-02T04:57:33.000Z,1984847324137554023,https://x.com/b_ebe/status/1984847324137554023,本当に誰だかわからなくて検索して今知ったがあなた旧ジャニーズ事務所の現役タレントなのね？それで性加害の疑いが濃厚な松本人志を応援しているのね？すご…ジャニー喜多川も無実だと思っててもおかしくない程の性暴力軽視っぷり。この本を一緒に読もう。そして被害者がどれ程苦しんでいるか知ろう,b_ebe,べべ Ⅲ,10.0,88.0,555.0,NEUTRAL,0.24701576,0.37290695,0.38007727
2025-11-10T04:09:25.000Z,1987734316097695833,https://x.com/DoragonBallS777/status/1987734316097695833,"松本人志が面白く無い事が確定したね
ナイトスクープは松本人志が良くてやってる番組ではない
そんなとこに頼るのは末期症状だよ
news.yahoo.co.jp/articles/40c4b
…",DoragonBallS777,DB-Art&He.281Enc,0.0,6.0,8.0,AGAINST,0.3777481,0.2532696,0.36898226
2025-11-11T03:37:22.000Z,1988088637767262338,https://x.com/toshio_t_44/status/1988088637767262338,女の面白さは予定調和的だけど、男の面白さって、全盛期の松本人志なんかをみても分かるように、意外性というか、文脈からの逸脱というか、会話の脱臼というか、気の利いた切り口での「脱構築」的なメタ認知能力の高さ勝負みたいな競技だしね。女的な面白さは「いい感じのリアクション」で、男的な面白,toshio_t_44,とし山とし夫,2.0,73.0,460.0,NEUTRAL,0.26251867,0.26160398,0.47587734
2025-11-01T09:49:40.000Z,1984558450773541373,https://x.com/ayokota/status/1984558450773541373,"松本人志のダサさと学習能力のなさまで引き継ぐことはなかったのに．
馬鹿なんだなとしか．
西野亮廣のことをとやかく言えるほどまともじゃないということもよくわかった．
目くそ鼻くそ．",ayokota,横田 明宏 ウィズ ザ・ジュヌコネパ 公式,5.0,18.0,194.0,NEUTRAL,0.30139238,0.25047243,0.44813517
2025-11-03T13:36:05.000Z,1985340204564287997,https://x.com/tubuan_omochi/status/1985340204564287997,松本人志とか、復帰絡みでSNSやテレビで発言する一部芸人とか信者見てると、それ自体も彼らの加害欲が満たされる行為なんだろうなと思う。俺様の邪魔をしたい愚かな女共が嫌がれば嫌がるほど快感、分からせてやる、みたいな。そういう男達が集まってゲヘゲヘしてる感じが透けて見えて気色悪いんだな。,tubuan_omochi,mug,1.0,2.0,30.0,NEUTRAL,0.32800135,0.22460008,0.44739854
2025-11-02T16:55:02.000Z,1985027883396669440,https://x.com/oogesatarou/status/1985027883396669440,松本人志ファンの痛さが可視化されるリプライ欄をどうぞご覧あれ。,oogesatarou,TOGO INOMATA,245.0,443.0,0.0,NEUTRAL,0.24920744,0.2690173,0.4817752
2025-11-04T04:30:02.000Z,1985565177031639269,https://x.com/SouthernPsy/status/1985565177031639269,"性暴力加害で表舞台から降ろされら松本人志を楽しめるような共感性の枯れ果てた人間たち。
性暴力被害の苦しみに関する情報に触れたことがないわけでもあるまいに。",SouthernPsy,Frozen P,1.0,1.0,25.0,NEUTRAL,0.22627625,0.27061358,0.5031102
2025-11-09T15:12:00.000Z,1987538670119973018,https://x.com/nojimagurasan/status/1987538670119973018,"松本人志氏が「笑い」という高度な芸の世界で何を達成したか，評価は難しい。
でもその精神は，時代のはるか後方を徘徊したままだった。

ヒトとしての成長を促すシステムの欠落があまりにも顕著だ。

松本人志復帰も反省ゼロ……謝れない中高年の末路",nojimagurasan,野島博之,102.0,270.0,0.0,FAVOR,0.2983148,0.3686301,0.33305505
2025-11-09T07:11:14.000Z,1987417683638558889,https://x.com/cobta/status/1987417683638558889,殺害予告や放火予告もくるから警察に通報や相談するのもとても手間ですし、わたしの名前でホテルやレストランを予約されたりもして、迷惑をしています。松本人志を批判されて腹が立ったら、それをする人に粘着するのではなく、同様に彼のすばらしさを世に広げる記事を書けばいいと思います、ほんとに。,cobta,藤井セイラ,9.0,59.0,295.0,NEUTRAL,0.21635167,0.23464581,0.5490025
2025-11-03T00:38:46.000Z,1985144588143923262,https://x.com/Taichi_handsome/status/1985144588143923262,戦争も松本人志もちゃんとした謝罪ができずに人道としての清算が終わってないって共通点あるな。,Taichi_handsome,藤森太一/Taichi Fujimori,41.0,130.0,744.0,NEUTRAL,0.23449934,0.2093519,0.55614877
2025-11-03T00:57:57.000Z,1985149413308907567,https://x.com/h_ototake/status/1985149413308907567,"え、松本人志さんから出演NG！？

でも、それは松本さんの深いご配慮でした。

続きは、ぜひ本編で",h_ototake,乙武洋匡,16.0,70.0,0.0,NEUTRAL,0.17368835,0.24288547,0.5834262
2025-11-02T13:53:47.000Z,1984982271653478447,https://x.com/neveralone_viii/status/1984982271653478447,"ダウンタウンというか松本人志さんの切り抜きをSNSに載せないで欲しい

せっかく「見たくないやつは見るな」の世界に行ってくれたのに意味が無い",neveralone_viii,NevalOne,1.0,12.0,235.0,AGAINST,0.49495065,0.20947428,0.29557508
2025-11-02T03:53:28.000Z,1984831196497658107,https://x.com/Bil6HDcZtOQGf7J/status/1984831196497658107,"何喜んでんだよ
松本人志は性加害者だよ
快感インストールの時からなーんにも変わってないんだね、貴方もKis-My-Ft2も",Bil6HDcZtOQGf7J,朔,19.0,38.0,399.0,NEUTRAL,0.33857787,0.28493258,0.37648958
2025-11-11T12:36:35.000Z,1988224336831148443,https://x.com/fukuken0127/status/1988224336831148443,"全国民に聞きました！ 
松本人志さんのことが、

好き　50%　
どちらでも無い　30%
嫌い　20%

2人に1人が好きで、
5人に1人しか嫌われていない。

こんな人いる？　
#ダウンタウンプラス",fukuken0127,ダウンタウン・ボクシング・B'zを愛する寡黙な営業マン,0.0,0.0,22.0,NEUTRAL,0.2656302,0.18558377,0.548786
2025-11-04T16:46:49.000Z,1985750594238447887,https://x.com/kato_c622/status/1985750594238447887,"重ね重ね言うが、松本人志が批判されている理由は、自ら招いた性暴力事件について、自分自身でまともな説明をしなかった・未だにしていないという点である。
ここで、松本人志が「お笑いの天才」であるかどうかは、一連の性暴力の問題とは、全く別の問題である。",kato_c622,はくつる⊿,2.0,1.0,3.0,NEUTRAL,0.25114095,0.27264416,0.47621495
2025-11-03T06:53:06.000Z,1985238793360986213,https://x.com/kenya_m773/status/1985238793360986213,"松本人志のダウンタウンプラスの登録者数が「さすがダウンタウンだなという数字」が出てますと関係者が語ってるらしい。

何でそんなに登録者がたくさんいるらしいのにその実数を公表しないんだろうか。",kenya_m773,増田健也/KenyaMasuda,127.0,96.0,988.0,NEUTRAL,0.28919148,0.19352213,0.5172864
2025-11-02T04:17:26.000Z,1984837227609014760,https://x.com/MMaunta/status/1984837227609014760,"松本人志の被害者感は酷いね

テレビで見なくなって画面が多少優しくなっていたのに

#松本人志いらない",MMaunta,MAYUMI または紅型工房 眞真,1.0,8.0,75.0,AGAINST,0.3986202,0.22275461,0.37862518
2025-11-09T15:28:38.000Z,1987542856001798354,https://x.com/tokugottsu/status/1987542856001798354,"※松本人志さんに「会見開け！」「説明しろ！」と未だに言う方々へ重要なお知らせ※

松本人志さんは既に何年も前に画像の通り記者会見過程を修了しており、そのため地上波テレビ復帰に際し記者会見およびマスコミ各社へ説明を行なう必要はございません。予めご了承ください
#松本人志",tokugottsu,とく＋,30.0,38.0,634.0,NEUTRAL,0.24226886,0.34340307,0.41432804
2025-11-01T16:36:19.000Z,1984660785730371829,https://x.com/7ikn5/status/1984660785730371829,"性加害の疑いがある松本人志を会社が擁護したり、
同僚がおもろいがすべてという認識で番組に出るの拒否するの気持ち悪い。
性加害にこんなに緩くて、被害者に思いやりがないの日本だけじゃない？
正直すべてが気持ち悪い。
性加害者は全員真っ当に生きれないということを
メディアが示すべきでしょ？",7ikn5,うぶげ,62.0,163.0,0.0,NEUTRAL,0.29183787,0.27128607,0.43687612
2025-11-08T06:52:50.000Z,1987050664221155653,https://x.com/cobta/status/1987050664221155653,高市早苗首相は偉いのになんでお前みたいなやつがそんなことを書けるんだ、松本人志はお笑いの神様なのになんで神様にそんな生意気をいうんだ、というリプライがたくさんくるんです。その逆で「偉くて有名でお金も権力もある人の言動におかしなところがあれば、誰かが指摘すべき」というシンプルな話。,cobta,藤井セイラ,190.0,0.0,0.0,NEUTRAL,0.29420453,0.24919404,0.45660147
2025-11-02T02:38:48.000Z,1984812405675999549,https://x.com/panko4545/status/1984812405675999549,"松本人志がしたことは奥さんがいるのに飲み会してたってだけだと言う人がいるけど俺は信じない
中居正広や山口達也、国分太一など芸能界の倫理観を見ればそれは一目瞭然
ちゃんと説明もせずに復帰する松ちゃんを俺は認めない",panko4545,パン粉3,4.0,0.0,11.0,NEUTRAL,0.3763443,0.23428509,0.38937065
2025-11-06T21:04:00.000Z,1986540090647076906,https://x.com/hikaru_dokyonin/status/1986540090647076906,"ヒカルがダウンタウン松本人志が復活することについて物申す！
→
youtu.be/hfmcsNtSx44

フォロー＆リポストでフォロバします！",hikaru_dokyonin,ヒカルの同居人観察日記,12.0,5.0,75.0,NEUTRAL,0.30039293,0.29621503,0.40339202
2025-11-02T13:40:08.000Z,1984978838527594666,https://x.com/Nero_Waybatsuai/status/1984978838527594666,"「松本人志で笑えない」って奴おる？

ここまで全てを笑いに変える人はいませんよ
#松本人志 
#ダウンタウンプラス 
#文春廃刊",Nero_Waybatsuai,ネロ,44.0,14.0,380.0,AGAINST,0.35973284,0.29637763,0.34388956
2025-11-02T06:58:37.000Z,1984877792711098799,https://x.com/iloveyoulove777/status/1984877792711098799,"こいつは松本人志と同類

テレビから消えてくださーい",iloveyoulove777,勇気,152.0,277.0,0.0,NEUTRAL,0.3744905,0.19304153,0.43246803
2025-11-08T16:07:06.000Z,1987190147583254680,https://x.com/reishiina01/status/1987190147583254680,週刊文春のお仲間記事！プレジデントは元文春の編集や記者が上層部にいて、文春オンラインも提携している。文春では松本人志氏の事は記事に出来ない事から、同胞の藤井セイラ氏に記事を書かせたのか。でも酷い記事だね、プレジデントも落ちたもんだ。藤井氏は元々エンタメ好きでもなく、お笑い文化を評,reishiina01,椎名玲,20.0,100.0,902.0,NEUTRAL,0.2339393,0.3063486,0.45971212
2025-11-10T01:29:53.000Z,1987694165476655165,https://x.com/kudamonokudao/status/1987694165476655165,"「松本人志さんが復帰すべきでないとは言いません。
しかし事実関係を公正に調査し明らかにし被害が確認されれば救済を実現しさらに松本さんも責任をとり説明責任も果たした──という前提があって初めて成立します」

『誰もが被害があったと認める事実の確認はされなかった』から復帰したんでしょ",kudamonokudao,くだもの選手権,17.0,16.0,241.0,NEUTRAL,0.25004414,0.2576332,0.4923226
2025-11-01T08:32:11.000Z,1984538951533936749,https://x.com/senor_sp/status/1984538951533936749,"番組冒頭のこの報告、視聴者を舐めてたし、最後の「面白くなければテレビじゃない」発言は、自分の行いが性被害者を傷つけることなど微塵も考えてないことが見えて、胸糞が悪かった。
松本人志を尊敬してると、顔つきも思考も似てくるんかな。
この人ももうテレビで見たくないわ。",senor_sp,sanaru,24.0,115.0,0.0,NEUTRAL,0.25060797,0.22637287,0.52301913
2025-11-02T11:25:00.000Z,1984944831567966651,https://x.com/yoshiya_0511/status/1984944831567966651,ワイドナショーは既存の情報番組のパロディみたいなもので、ニュースに対して勝手にボケたり変なコメントをしたりという立場で松本人志がいて、ちゃんとニュースを解説できる人がツッコミ役でいるという形なら、面白い番組になった可能性はあったと思うが、東野にはその力量はなかった。,yoshiya_0511,yoshiya,1.0,7.0,132.0,NEUTRAL,0.28869373,0.3094238,0.40188253
2025-11-02T01:39:24.000Z,1984797457491145046,https://x.com/indigorosa33/status/1984797457491145046,松本人志、、見ただけで具合悪くなる,indigorosa33,indigo,1.0,12.0,82.0,AGAINST,0.37257558,0.2790492,0.3483752
2025-11-02T07:52:00.000Z,1984891224281788520,https://x.com/renrengoro/status/1984891224281788520,"中岡さん
あなたもですか…

もはやお笑い芸人という種類の人達は性加害に対してそんな認識の人しかいないということなのか
芸能界全体がそうなの？
「騒ぐ女が悪い」と思ってる？
吐きげがする
そんなに松本人志に会いたければ専用チャンネルに出ればいい
地上波はお笑い番組全て終わらせろ！",renrengoro,𓃠レンレン,20.0,229.0,0.0,AGAINST,0.3985497,0.23273964,0.36871064
2025-11-03T14:32:54.000Z,1985354502271291889,https://x.com/21rOrlilrxfINSM/status/1985354502271291889,誰か松本人志擁護派二次性加害芸人をリストにまとめてくれ,21rOrlilrxfINSM,とうり,0.0,11.0,74.0,AGAINST,0.40879846,0.23926903,0.35193247
2025-11-01T13:23:45.000Z,1984612327279509892,https://x.com/goha5800jp/status/1984612327279509892,超個人的には、最後の方に言ってた「今は毎日面白い事だけやれるから楽しい」が本音で、願わくば今の感じが長く続けばと思う。やっぱり企画クリエイターとしての松本人志はまだエグ面白いし、同じレベルの企画でも松本人志主催の箔がついて芸人が本気を出すなら、その力はまだ唯一無二だと改めて思った,goha5800jp,ゴハ,1.0,14.0,134.0,NEUTRAL,0.25489694,0.2953099,0.44979316
2025-11-02T05:42:03.000Z,1984858522694402125,https://x.com/bejitasamada/status/1984858522694402125,"松本人志性加害問題なんだけど
超シンプルにさ、

証拠もないのに犯罪者だって　
決めつけて良い訳？？　　

お前ら本当にバカなんじゃないの？
証拠ないんだぞ？
なのに性加害者？

匿名の雲隠れしたくそ野郎の戯言信じて強姦魔ってイカレてるだろお前

#松本人志

お前ら本当に頭いかれてんのか？",bejitasamada,ベジータ三世様,119.0,252.0,0.0,AGAINST,0.41912997,0.20747921,0.37339082
2025-11-03T11:48:12.000Z,1985313054670946672,https://x.com/tonkatuyade/status/1985313054670946672,今日の1人賛否で、去年から今にかけての松本人志と地上波（特にフジテレビ）の距離感が初めてぐらい少しわかったというか。自分は思わないけど、一部のファンの人たちが願っているような地上波復帰なんて現時点では夢のまた夢だ。大悟さんはそれで諦めたんじゃないかと。,tonkatuyade,とんかつ屋でアルバイト,3.0,10.0,150.0,NEUTRAL,0.2501427,0.22672702,0.52313024
2025-11-02T01:22:18.000Z,1984793154709831865,https://x.com/down10mbo2/status/1984793154709831865,"「天才やから」「カリスマ性が」

このボケ言ってイタくないの松本人志ただ1人",down10mbo2,クイヤ,8.0,22.0,901.0,NEUTRAL,0.3296831,0.3164226,0.35389426
2025-11-04T07:03:00.000Z,1985603670818611487,https://x.com/hfZo2GNwSJtFXa4/status/1985603670818611487,"松本人志を見るのがしんどい？
こっちも君らアンチ見てると面倒くさいけど「消えろ」とも「◯ね」とも言わないよ　ブロックして見ないだけ　これでお互い幸せよ　
簡単な話やろ？
後は同じ様な人らで集まって勝手にご自愛しといて下さい

#アンチはご自愛下さい",hfZo2GNwSJtFXa4,友,1.0,20.0,531.0,NEUTRAL,0.31106815,0.22146562,0.46746626
2025-11-04T03:09:46.000Z,1985544977213264338,https://x.com/kudamonokudao/status/1985544977213264338,"アンチ松本人志の人

質問に答えない
↓
「簡単な質問に答えられないんですね」と突っ込む
↓
答えた結果辻褄合わなくなる

ってパターン多いですね",kudamonokudao,くだもの選手権,1.0,1.0,78.0,NEUTRAL,0.30885026,0.2774723,0.4136774
2025-11-03T07:57:46.000Z,1985255064202862949,https://x.com/hitetsugisou/status/1985255064202862949,松本人志こそ良くも悪くもテレビの申し子だと思いますが,hitetsugisou,＼江戸西／,2.0,4.0,22.0,NEUTRAL,0.27419794,0.25509268,0.47070938
2025-11-01T00:34:04.000Z,1984418628473929933,https://x.com/down10mbo2/status/1984418628473929933,"浜田の相手はまさかの...

松本人志

#ガキ使",down10mbo2,クイヤ,1.0,19.0,754.0,NEUTRAL,0.33667052,0.26001862,0.40331092
2025-11-02T09:42:17.000Z,1984918978775420962,https://x.com/kawachan0104/status/1984918978775420962,"松本人志を叩く理由、正直わからん。
多分、出世もできず、未来も金もない奴らのばっかなんやろな。

俺も昔はそこまでダウンタウン好きじゃなかったけど、あの生配信で『人生を丸ごと笑いに変える』姿見て思った。
あれはもう「芸人」じゃなくて「芸術」。

自分の人生を使って、",kawachan0104,河原 由次,164.0,375.0,0.0,NEUTRAL,0.24400914,0.31569007,0.4403008
2025-11-01T03:04:55.000Z,1984456591509504232,https://x.com/310_mittoda/status/1984456591509504232,"マジで疑問なんだけど、大悟もこういう人たちも、なんでみんな”松本人志は冤罪である”っていう確信を持ってるの
確実にクロっていう証拠もないけど冤罪って証拠もないのに、そんな正義ヅラして突っ走れなくないか普通",310_mittoda,みとみと,96.0,149.0,0.0,NEUTRAL,0.28965148,0.21193124,0.4984173
2025-11-01T22:28:50.000Z,1984749499085177032,https://x.com/KathrynJpn/status/1984749499085177032,別に日本のお笑いはしんどくない。松本人志がいなくなって、せっかく新しいお笑いが出てくるようになったのに。,KathrynJpn,kathryn,210.0,347.0,0.0,NEUTRAL,0.23290269,0.22565824,0.54143906
2025-11-01T12:32:07.000Z,1984599332784652561,https://x.com/tweetsoku1/status/1984599332784652561,「DOWNTOWN＋」課金独自形式 トミーズ雅「井上尚弥の試合と松本人志の喋りは一緒か？同期に金払うの、けったくそ悪い」,tweetsoku1,ツイッター速報〜BreakingNews,55.0,21.0,101.0,AGAINST,0.3795275,0.32212454,0.2983479
2025-10-31T23:46:12.000Z,1984406584248979927,https://x.com/walkwiththesun/status/1984406584248979927,"「面白くなければテレビじゃない」なんて間違ってるし古い。そもそも「松本人志のコスプレ」全く面白くない…。
それを見たら被害を思い出し傷つく人間がいる事も想像できないなら、番組だけでなく芸人やめたら",walkwiththesun,a little scorpion,1.0,11.0,112.0,NEUTRAL,0.25415543,0.22415423,0.52169037
2025-11-01T12:06:42.000Z,1984592937444122827,https://x.com/4n_kurokiri/status/1984592937444122827,松本人志、さすがに面白いな。,4n_kurokiri,黒麒麟,2.0,28.0,0.0,NEUTRAL,0.23716293,0.27693504,0.4859021
2025-11-01T13:31:36.000Z,1984614300082983007,https://x.com/qazwszedcrfc/status/1984614300082983007,"松本人志様復活！
「2年位前までめっちゃテレビ出てて今干されてます。布団でもこんな干されないですよ？」

トーク力は健在です",qazwszedcrfc,格オタロックマン,1.0,0.0,7.0,NEUTRAL,0.22567211,0.36250436,0.41182357
2025-11-01T06:35:01.000Z,1984509463496479170,https://x.com/slimmaeken/status/1984509463496479170,昨日、久しぶりに松本人志さんの前ですべった。今から上沼恵美子さんに会いに行く。強めの酒でも飲んで行こうかな。,slimmaeken,スリムクラブ真栄田,72.0,271.0,0.0,NEUTRAL,0.17098914,0.28692427,0.54208654
2025-11-09T23:58:33.000Z,1987671181038870994,https://x.com/kudamonokudao/status/1987671181038870994,"松本人志

「笑いさえあれば（自分の）名誉なんて、人権なんて後からついてくる」

これ
「私が面白ければ私が他人の名誉や人権を踏み躙っても許される」ではなく
「私の名誉や人権は取り敢えず守った。完全にそれが出来た訳ではないけど大切な仕事を優先する。いつかわかって貰えるだろう」じゃない？",kudamonokudao,くだもの選手権,4.0,3.0,62.0,NEUTRAL,0.29893008,0.25698698,0.444083
2025-11-11T22:58:23.000Z,1988380817593430322,https://x.com/JK_WCS39/status/1988380817593430322,"豆柴の大群のベストアルバム
NO BEAN, NO BARKが発売！
個人的に今の5人の組み合わせは個性豊かでガキ使の5人を連想させる
・ナオ→浜田雅功
・ハナエ→松本人志
・レオナ→月亭方正
・アイカ→遠藤章造
・モモチ→田中直樹
個性豊かな5人の応援をよろしくお願いします！
#豆柴の大群",JK_WCS39,文神龍（WCS39期メディアクリエイターコース卒業）,0.0,0.0,3.0,NEUTRAL,0.33339888,0.27906746,0.38753366
2025-11-03T05:14:39.000Z,1985214015673663937,https://x.com/koyachiman/status/1985214015673663937,"「松本、動きました。」

2025年11月1日（土）、「DOWNTOWN＋」の幕開けを飾ったのは、松本人志さんによる生配信でした。
その第一声が、本当に素晴らしい言葉でした。

松本さんご自身が感極まって涙をこらえておられる姿を見て、こちらまで胸が熱くなりました。",koyachiman,コヤチ,44.0,188.0,0.0,NEUTRAL,0.22187124,0.28538692,0.4927418
2025-11-06T13:39:21.000Z,1986428189640695897,https://x.com/Willapon04/status/1986428189640695897,"ダウプラの松本さんを見ていると、今のガキ使や水ダウ、クレイジージャーニーがフルパワーじゃないことがよくわかる。
100点を110点120点に押し上げられるのが松本人志という男。やっぱり松本さんのコメントは必要だよ。
#ダウンタウンプラス
#ダウンタウン",Willapon04,チャーリー･ウィラポソ+,7.0,11.0,394.0,NEUTRAL,0.26115,0.2818396,0.45701042
2025-11-11T10:54:50.000Z,1988198729699172751,https://x.com/reishiina01/status/1988198729699172751,"文春と松本人志氏の裁判では、
リークした女性は出廷していない、これが全て！

A子や、B子や、X子とか、
本当にいるのか？
人を社会的抹殺するなら、出廷し自分の口から語るぐらい
覚悟すべき",reishiina01,椎名玲,19.0,39.0,324.0,AGAINST,0.346604,0.3089571,0.34443894
2025-11-05T16:10:20.000Z,1986103797652062270,https://x.com/oogesatarou/status/1986103797652062270,"松本人志ファンの方から
「お笑い界の底辺」の称号をいただきました。
おもしろすぎる。
他人に嫌がらせをしてダメージを与えるためにリプライを送っているだろうに、
（その時点で低俗だが）
その効果も発揮できない人たちというのはすごく興味深い。
松本人志はそういう人たちの王というわけだ。",oogesatarou,TOGO INOMATA,82.0,80.0,507.0,NEUTRAL,0.255664,0.31936917,0.42496678
2025-11-01T02:19:40.000Z,1984445203785371965,https://x.com/yamagin_inada/status/1984445203785371965,"文春との裁判では、松本さんの主張が正しかったことが確認されたので裁判を取り下げたのですが、
最初に復帰を打診したフジテレビからNOを突きつけられたことが、松本人志さんがテレビ業界から干された理由です。
これに対して松本さんは、【やっぱりそういうことなんだな】と謎のコメントを残してます",yamagin_inada,ヤマ☆ギン,1.0,2.0,36.0,NEUTRAL,0.28841305,0.34276384,0.36882314
2025-11-03T05:13:52.000Z,1985213817249542395,https://x.com/bejitasamada/status/1985213817249542395,"ここ二年、企画力の面で本当に目新しくて面白い笑いが皆無だったし、面白い若手も全然出てきてない

でも実は一人今年、
超特大級の若手が出てきたね　　

給料15万、ダウンタウンプラスの
松本人志さん

今年から｢もっともっと頑張る｣って
言ってたしな　　

まじで俺も頑張ろ　

#松本人志",bejitasamada,ベジータ三世様,3.0,5.0,298.0,NEUTRAL,0.28380054,0.33770132,0.37849814
2025-11-10T03:34:59.000Z,1987725650619457602,https://x.com/hfZo2GNwSJtFXa4/status/1987725650619457602,"「笑いさえあれば（自分の）名誉なんて、人権なんて後からついてくる」

ファンもついていく

あれだけ人権無視上等な誹謗中傷を乗り越えて、松本人志が又お笑いしてるんやで？面白いに決まってる　そして実際面白かった　これからまた新しい歴史を作っていく　燦然と輝く名誉を携えて。

#松本人志",hfZo2GNwSJtFXa4,友,2.0,4.0,150.0,NEUTRAL,0.2897874,0.30616134,0.40405115
2025-11-01T13:13:03.000Z,1984609632434974740,https://x.com/Twitte_kun_/status/1984609632434974740,"ダウンタウン松本人志ここにありって感じやったな。
松ちゃん復活して今の気持はこれ

#ダウンタウンプラス
#松ちゃんおかえり
#おかえり松ちゃん
#松本人志
浜ちゃん",Twitte_kun_,ツイッターくん,10.0,92.0,0.0,NEUTRAL,0.2528828,0.29507086,0.4520464
2025-11-01T23:16:30.000Z,1984761495813833150,https://x.com/hamu_tanaka2/status/1984761495813833150,"いやしかし性加害者の
姑息で愚劣な復帰を
いちいち記事にするな！
各メディアは性犯罪を
軽く捉えすぎやぞ！
そして松本人志は
表に出てくんな！
 #松本人志の復帰を許すな",hamu_tanaka2,ハム2号＠こじらせレッド,0.0,44.0,225.0,AGAINST,0.44945624,0.23992336,0.31062043
2025-11-03T13:55:20.000Z,1985345051128627441,https://x.com/natori/status/1985345051128627441,松本人志すこし見ないうちに皮膚が灰色になってる,natori,ナトリ,0.0,0.0,4.0,AGAINST,0.43477005,0.2483194,0.31691056
2025-11-02T01:09:30.000Z,1984789932242845857,https://x.com/minorit403/status/1984789932242845857,ネット配信独占の松本人志のコンテンツで面白かった試しがないので絶対に契約しない。,minorit403,三浦よし,10.0,8.0,86.0,NEUTRAL,0.20240764,0.25346532,0.5441271
